,model_name,mean_score,std_score
3,ExtraTree,0.8359383703846909,0.013995479680532821
1,Random Forest,0.8343311147848083,0.013446038581459164
4,GradientBoosting,0.8318938222300231,0.018734603894684135
5,XGBOOST,0.8237905234778987,0.017529964609523392
2,AdaBoost,0.814999225125826,0.018985225534412332
0,Decision Tree,0.7696819313881951,0.012496062340562232
