Feature,Importance
fixed acidity,0.06718005500103973
volatile acidity,0.10195381563129065
citric acid,0.0735175787877585
residual sugar,0.07483982277358868
chlorides,0.07247637782244717
free sulfur dioxide,0.09897171928776859
total sulfur dioxide,0.0890872598644787
density,0.10467836189412913
pH,0.0683112865178611
sulphates,0.0664643011892508
alcohol,0.18251942123038692
