quality_rate,fixed acidity,volatile acidity,citric acid,residual sugar,chlorides,free sulfur dioxide,total sulfur dioxide,density,pH,sulphates,alcohol,quality
0,6.956565281899108,0.31270029673590477,0.33247032640949625,6.656194362017795,0.05209495548961413,34.79859050445104,147.45586053412464,0.9949703004451045,3.173560830860532,0.48182492581602426,9.909171612265077,4.856824925816023
1,6.778874856486793,0.263945656333716,0.335292766934557,5.5323574435514775,0.04271182548794531,34.93589743589744,131.8993494068121,0.9931803922694201,3.206754688097971,0.49474933027171875,10.940253858910616,6.369690011481056
