Feature,Importance
fixed acidity,0.06071515213469901
volatile acidity,0.10567427851019298
citric acid,0.07280398132131587
residual sugar,0.07406806513170594
chlorides,0.07796559226974406
free sulfur dioxide,0.11018862352645704
total sulfur dioxide,0.0997945089319209
density,0.117980341755942
pH,0.06141522271185398
sulphates,0.06187452658549818
alcohol,0.15751970712067
