Feature,Importance
fixed acidity,0.046307195758660866
volatile acidity,0.12103178333605016
citric acid,0.059534727975743613
residual sugar,0.05550989673145841
chlorides,0.07239171329546158
free sulfur dioxide,0.1277530623291465
total sulfur dioxide,0.08831937408422155
density,0.04495097956438382
pH,0.06303108835112081
sulphates,0.0737694880560824
alcohol,0.24740069051767025
