quality_rate,fixed acidity,volatile acidity,citric acid,residual sugar,chlorides,free sulfur dioxide,total sulfur dioxide,density,pH,sulphates,alcohol,quality
0,0.91522200959181,0.11719982403014023,0.14322842921260945,5.165025778930197,0.028796238382588834,20.591171361209515,48.424116342785695,0.002529553793253188,0.14704338811898215,0.10094619426687435,0.8955944292642816,0.3904646791818201
1,0.8345888966250746,0.0912585775682776,0.11022130917341556,4.652523302186882,0.018750558997204996,15.17826704578666,39.095259681857584,0.002898309081076521,0.1526203987797409,0.1192748007980264,1.2124992607815797,0.5872820859126229
