Feature,Importance
alcohol,0.24144620144796375
volatile acidity,0.15815972800432884
free sulfur dioxide,0.16678088820938142
citric acid,0.12422717235703526
chlorides,0.14602229805404682
total sulfur dioxide,0.16336371192724392
