Feature,Importance
alcohol,0.45658311768566484
volatile acidity,0.1936652357422423
free sulfur dioxide,0.18552964546034262
citric acid,0.07364540472961394
chlorides,0.046707412163598916
total sulfur dioxide,0.043869184218537374
