Feature,Importance
alcohol,0.2918201925823892
volatile acidity,0.16053395472078363
free sulfur dioxide,0.1757146624447132
citric acid,0.1016529017183107
chlorides,0.1208007112550286
total sulfur dioxide,0.14947757727877475
